,1-gram,2-gram,3-gram
naive bayas,0.673202614379085,0.46405228758169936,0.2222222222222222
logistic regression,0.6862745098039216,0.6405228758169934,0.6405228758169934
SVM,0.6405228758169934,0.6405228758169934,0.6405228758169934
random forest,0.6339869281045751,0.6797385620915033,0.6535947712418301
