,1-gram,2-gram,3-gram
naive bayas,0.6666666666666666,0.46405228758169936,0.20915032679738563
logistic regression,0.6862745098039216,0.6405228758169934,0.6405228758169934
SVM,0.6405228758169934,0.6405228758169934,0.6405228758169934
random forest,0.6535947712418301,0.6274509803921569,0.6405228758169934
